Model,Train R²,Test R²,MSE,MAE,CV Mean,CV Std
Random Forest,0.8145158376926327,0.007113830809195698,282.4984337047471,13.764374189403924,-0.05005016322847651,0.048235683301055605
Gradient Boosting,0.9954413142300099,-0.105806907598893,314.62692206818826,14.762914785175262,-0.16704897775764635,0.08156641719842095
XGBoost,0.9953538032669088,-0.005090821867965056,285.9709317334166,13.697243739649192,-0.1624610767308135,0.053551187004375354
SVM,0.07336680569435217,0.002171035953902445,283.90476994758365,13.755766578448824,-0.01338074454250977,0.011631383305610933
Neural Network,0.9999898965801844,-3.024511797388257,1145.0640712570705,18.374595179508532,-0.5227122632151057,0.12686608281570455
